<infinispan
        xmlns:xsi="http://www.w3.org/2001/XMLSchema-instance"
        xsi:schemaLocation="urn:infinispan:config:11.0 https://infinispan.org/schemas/infinispan-config-11.0.xsd
                            urn:infinispan:server:11.0 https://infinispan.org/schemas/infinispan-server-11.0.xsd"
        xmlns="urn:infinispan:config:11.0"
        xmlns:server="urn:infinispan:server:11.0">


   <jgroups>
   <stack name="xsite" extends="udp"> 
      <relay.RELAY2 site="site2" 
                    max_site_masters="1000"/> 
      <remote-sites default-stack="tcp"> 
         <remote-site name="site1"/>
         <remote-site name="site2"/>
      </remote-sites>
   </stack>

   <stack name="global-cluster" extends="tcp">
    <!-- Remove MPING protocol from the stack and add TCPPING -->
    <TCPPING initial_hosts="server1[7800],server2[7800]" 
             stack.combine="REPLACE" stack.position="MPING"/>
</stack>
</jgroups>


   <cache-container name="default" statistics="true">
      <transport cluster="${infinispan.cluster.name}" stack="${infinispan.cluster.stack:tcp}" node-name="${infinispan.node.name:}"/>
       <transport cluster="${infinispan.cluster.name:cluster}" stack="xsite"/> 

   <replicated-cache name="work" mode="SYNC" start="EAGER">
      <transaction mode="NONE" locking="PESSIMISTIC"/>
      <locking acquire-timeout="0" />
        <backups>
           <backup site="site1" strategy="SYNC" />
      </backups>
   </replicated-cache>
   <distributed-cache name="sessions" mode="SYNC" start="EAGER">
      <transaction mode="NONE" locking="PESSIMISTIC"/>
      <locking acquire-timeout="0" />
      <backups>
           <backup site="site1" strategy="SYNC" />
      </backups>
   </distributed-cache>
   <distributed-cache name="clientSessions" mode="SYNC" start="EAGER">
      <transaction mode="NONE" locking="PESSIMISTIC"/>
      <locking acquire-timeout="0" />
         <backups>
           <backup site="site1" strategy="SYNC" />
      </backups>
   </distributed-cache>
   <distributed-cache name="offlineSessions" mode="SYNC" start="EAGER">
      <transaction mode="NONE" locking="PESSIMISTIC"/>
      <locking acquire-timeout="0" />
         <backups>
           <backup site="site1" strategy="SYNC" />
      </backups>
   </distributed-cache>
   <distributed-cache name="offlineClientSessions" mode="SYNC" start="EAGER">
      <transaction mode="NONE" locking="PESSIMISTIC"/>
      <locking acquire-timeout="0" />
         <backups>
           <backup site="site1" strategy="SYNC" />
      </backups>
   </distributed-cache>
   <distributed-cache name="actionTokens" mode="SYNC" start="EAGER">
      <transaction mode="NONE" locking="PESSIMISTIC"/>
      <locking acquire-timeout="0" />
              <backups>
           <backup site="site1" strategy="SYNC" />
      </backups>

   </distributed-cache>
   <distributed-cache name="loginFailures" mode="SYNC" start="EAGER">
      <transaction mode="NONE" locking="PESSIMISTIC"/>
      <locking acquire-timeout="0" />
              <backups>
           <backup site="site1" strategy="SYNC" />
      </backups>
   </distributed-cache>
   </cache-container>

   <server xmlns="urn:infinispan:server:11.0">
      <interfaces>
         <interface name="public">
            <inet-address value="${infinispan.bind.address:127.0.0.1}"/>
         </interface>
      </interfaces>

      <socket-bindings default-interface="public" port-offset="${infinispan.socket.binding.port-offset:0}">
         <socket-binding name="default" port="${infinispan.bind.port:11222}"/>
         <socket-binding name="memcached" port="11221"/>
      </socket-bindings>

      <security>
         <security-realms>
            <security-realm name="default">
               <!-- Uncomment to enable TLS on the realm -->
               <!-- server-identities>
                  <ssl>
                     <keystore path="application.keystore" relative-to="infinispan.server.config.path"
                               keystore-password="password" alias="server" key-password="password"
                               generate-self-signed-certificate-host="localhost"/>
                  </ssl>
               </server-identities-->
               <properties-realm groups-attribute="Roles">
                  <user-properties path="users.properties" relative-to="infinispan.server.config.path" plain-text="true"/>
                  <group-properties path="groups.properties" relative-to="infinispan.server.config.path" />
               </properties-realm>
            </security-realm>
         </security-realms>
      </security>

      <endpoints socket-binding="default" security-realm="default">
         <hotrod-connector name="hotrod"/>
         <rest-connector name="rest"/>
      </endpoints>
   </server>
</infinispan>
